1001A8;1;16-touko-15;3;1030423;1010080;;2;0;1
1001A9;1;16-touko-15;3;1030423;1010080;;2;0;1
1003 X;1;05-touko-14;1;1030105;1030005;;1;0;1
1004 X;1;11-kesŠ-12;1;1140107;1140201;;1;0;1
1006;1;06-heinŠ-15;3;1040446;1040078;;1;0;1
1006 4;1;06-heinŠ-15;3;1040446;1040078;;1;0;1
1006 8;1;29-kesŠ-15;3;1040446;1040078;;1;0;1
1006 9;1;29-kesŠ-15;3;1040446;1040078;;1;0;1
1006T;1;01-loka-12;3;1040446;1040078;;1;0;1
1006T4;1;06-heinŠ-15;3;1040446;1040078;;1;0;1
1006T8;1;29-kesŠ-15;3;1040446;1040078;;1;0;1
1006T9;1;29-kesŠ-15;3;1040446;1040078;;1;0;1
1007 X;1;21-heinŠ-14;1;1171156;1171008;;2;0;1
1007 X;2;21-heinŠ-14;1;1173115;1173105;;2;0;1
1007X;1;28-loka-13;3;1173435;1173004;;2;0;1
1009 8;1;16-touko-16;3;1040446;1040078;;1;0;1
1009 9;1;16-touko-16;3;1040446;1040078;;1;0;1
1014;1;15-elo-11;1;1040150;1040135;;1;0;1
1014;2;15-elo-11;1;1040112;1040212;;1;0;1
1014B;1;15-elo-11;1;1040150;1040135;;1;;1
1014B;2;15-elo-11;1;1040112;1040212;;1;0;1
1018;1;13-elo-12;1;1040150;1040135;;1;0;1
1018;2;13-elo-12;1;1040112;1040212;;1;0;1
1018N;1;13-elo-12;1;1040150;1040135;;1;0;1
1018N;2;13-elo-12;1;1040112;1040212;;1;0;1
1018V;1;14-huhti-14;1;1040144;1040146;;1;0;1
1018V;2;14-huhti-14;1;1040112;1040212;;1;0;1
1020X;1;15-elo-16;1;1310105;1310006;;2;0;1
1020X;2;15-elo-16;1;1310106;1310204;;2;0;1
1022;1;22-syys-10;1;1172114;1172143;;1;0;1
1022;2;22-syys-10;1;1286160;1172007;;1;0;1
1023;1;10-elo-15;1;1122134;1122001;;1;0;1
1023;2;29-huhti-15;1;1160118;1160116;;2;0;1
1024;1;12-elo-13;1;1030122;1030007;;1;0;1
1024;2;12-elo-13;1;1030102;1030008;;1;0;1
1024 3;1;12-elo-13;1;1030122;1030007;;1;0;1
1024 4;1;01-touko-14;1;1030122;1030007;;1;0;1
1024S3;1;01-touko-14;1;1030122;1030007;;1;0;1
1031;1;24-helmi-14;1;1331114;1331000;;1;0;1
1031;2;24-helmi-14;1;1293100;1293009;;1;0;1
1032;1;01-tammi-14;1;1331114;1331000;;1;0;1
1032;2;01-tammi-14;1;1293100;1293009;;1;0;1
1035;1;20-kesŠ-16;1;1305191;1305103;;1;0;1
1035;2;20-kesŠ-16;1;1301113;1301007;;1;0;1
1036;1;10-helmi-16;1;1331114;1331000;;1;0;1
1036;2;10-helmi-16;1;1331114;1331000;;1;0;1
1037;1;15-elo-16;1;1291120;1291220;;1;;1
1037;2;15-elo-16;1;1291119;1291219;;1;;1
1039;1;13-elo-12;1;1465105;1461001;;1;0;1
1039;2;13-elo-12;1;1333238;1333008;;1;0;1
1039B;1;13-elo-12;1;1465105;1461001;;1;0;1
1039B;2;13-elo-12;1;1462106;1465002;;1;0;1
1039N;1;13-elo-12;1;1465105;1461001;;1;0;1
1039N;2;13-elo-12;1;1463114;1463000;;1;0;1
1042;2;13-elo-12;1;1331156;1331001;;1;0;1
1043;1;30-loka-00;1;1293134;1293173;;1;0;0
1043;2;30-loka-00;1;1293136;1293135;;1;0;1
1045;1;12-elo-13;1;1291120;1291220;;1;0;1
1045;2;12-elo-13;1;1291119;1291219;;1;0;1
1050;1;11-elo-14;1;1172114;1172143;;1;0;1
1050;2;11-elo-14;1;1286160;1172007;;1;0;1
1051;1;13-elo-12;1;1294137;1294002;;1;0;1
1051;2;13-elo-12;1;1293165;1293265;;1;0;1
1052;1;13-elo-12;1;1291219;1291011;;1;0;1
1052;2;13-elo-12;1;1291220;1291030;;1;0;1
1052V;1;13-elo-12;1;1291219;1291011;;1;0;1
1052V;2;13-elo-12;1;1301299;1301002;;1;0;1
1053;1;15-elo-11;1;1140107;1140201;;1;;1
1053;2;15-elo-11;1;1140108;1140251;;1;0;1
1054;1;15-elo-11;1;1382176;1382164;;1;0;1
1054;2;15-elo-11;1;1370108;1382027;;1;0;1
1056;1;07-kesŠ-10;1;1284149;1284005;;1;0;1
1056;2;07-kesŠ-10;1;1284150;1250120;;1;0;1
1057;1;13-elo-12;1;1260102;1260202;;1;0;1
1057;2;13-elo-12;1;1160118;1160116;;1;0;1
1058;1;16-kesŠ-14;1;1431187;1431001;;1;0;1
1058;2;16-kesŠ-14;1;1150134;1180001;;1;0;1
1058B;1;16-kesŠ-14;1;1431187;1431001;;1;0;1
1058B;2;16-kesŠ-14;1;1150134;1180001;;1;0;1
1059;1;10-elo-15;1;1220119;1220000;;1;0;1
1059;2;10-elo-15;1;1160118;1160116;;1;0;1
1063;1;12-elo-13;1;1293156;1293256;;1;0;1
1063;2;12-elo-13;1;1293157;1293257;;1;0;1
1065A;1;15-elo-11;1;1020134;1020007;;1;0;1
1065A;2;15-elo-11;1;1020175;1020007;;1;0;1
1066;1;15-elo-16;1;1282103;1282004;;1;0;1
1066;2;15-elo-16;1;1282104;1282010;;1;0;1
1066A;1;15-elo-11;1;1020134;1020007;;1;;1
1066A;2;15-elo-11;1;1020175;1020007;;1;0;1
1066K;1;15-elo-16;1;1282103;1282004;;1;0;1
1066K;2;15-elo-16;1;1282104;1282010;;1;0;1
1067;1;15-elo-16;1;1282103;1282004;;1;0;1
1067;2;15-elo-16;1;1282104;1282010;;1;0;1
1067N;1;15-elo-16;1;1282103;1282004;;1;0;1
1069;1;13-elo-06;1;1284149;1284005;;1;;1
1069;2;13-elo-06;1;1284150;1250120;;1;;1
1070;1;12-elo-13;1;1362105;1383016;;1;0;1
1070;2;12-elo-13;1;1381102;1381104;;1;0;1
1070T;1;12-elo-13;1;1362105;1383016;;1;0;1
1070T;2;12-elo-13;1;1381102;1381104;;1;0;1
1071V;2;13-elo-12;1;1383131;1383229;;1;0;0
1072;1;12-elo-13;1;1370108;1382027;;1;0;1
1072;2;12-elo-13;1;1370107;1370207;;1;0;1
1072N;1;01-tammi-14;1;1370108;1382027;;1;0;1
1073;1;12-syys-11;1;1381105;1381005;;1;0;1
1073;2;13-huhti-12;1;1381104;1381006;;1;;1
1073N;1;12-elo-13;1;1362105;1383016;;1;0;1
1073N;2;12-elo-13;1;1402155;1402157;;1;0;1
1073X;1;01-tammi-00;1;1362105;1383016;;1;0;1
1073X;2;01-tammi-00;1;1402155;1402157;;1;0;1
1074;1;12-elo-13;1;1362107;1362004;;1;0;1
1074;2;13-elo-12;1;1411111;1411009;;1;0;1
1074N;1;12-elo-13;1;1362107;1362004;;1;0;1
1074N;2;12-elo-13;1;1382148;1382022;;1;0;1
1075;1;12-elo-13;1;1362105;1383016;;1;0;1
1075;2;12-elo-13;1;1382148;1382022;;1;0;1
1075A;1;06-kesŠ-11;1;1402126;1402082;;1;0;1
1075A;2;06-kesŠ-11;1;1402125;1402082;;1;0;1
1076N;1;12-elo-13;1;1381105;1381005;;1;0;1
1077;1;12-elo-13;1;1362141;1362019;;1;0;1
1077A;1;15-elo-11;1;1381103;1381105;;1;;1
1077A;2;15-elo-11;1;1381106;1381108;;1;;1
1078;1;11-elo-02;1;1473109;1473209;;1;0;1
1078;2;11-elo-02;1;1472102;1473017;;1;;1
1079;1;17-kesŠ-13;1;1431129;1431019;;1;;1
1079;2;17-kesŠ-13;1;1362125;1362132;;1;0;1
1080X;1;14-heinŠ-12;1;1431188;1431185;;1;0;1
1081;1;07-kesŠ-10;1;1431139;1431016;;1;;1
1081;2;07-kesŠ-10;1;1431189;1431112;;1;;1
1081X;1;14-heinŠ-12;1;1431139;1431016;;1;0;1
1081X;2;14-heinŠ-12;1;1431189;1431112;;1;0;1
1082X;1;14-heinŠ-12;1;1431188;1431185;;1;0;1
1085X;1;14-heinŠ-12;1;1431183;1431106;;1;0;1
1086B;2;12-elo-13;1;1491121;1491141;;1;0;1
1086X;1;14-heinŠ-12;1;1431106;1431003;;1;0;1
1088X;1;14-heinŠ-12;1;1431185;1431183;;1;0;1
1090BK;2;06-kesŠ-11;1;1541191;1541042;;1;;1
1091;1;16-elo-10;1;1600209;1600003;;1;0;1
1091;2;16-elo-10;1;1600210;1600002;;1;0;1
1091K;1;16-elo-10;1;1600209;1600003;;1;0;1
1091K;2;16-elo-10;1;1600210;1600002;;1;0;1
1093;1;06-kesŠ-11;1;1600209;1600003;;1;0;1
1093;2;06-kesŠ-11;1;1600210;1600002;;1;0;1
1093K;1;01-loka-10;1;1600209;1600003;;1;;1
1093K;2;01-loka-10;1;1601206;1601208;;1;;1
1094;1;15-tammi-07;1;1471159;1471002;;1;;1
1094;2;15-tammi-07;1;1471179;1471008;;1;0;1
1094A;1;15-elo-11;1;1471117;1471003;;1;0;0
1094A3;1;15-elo-11;1;1474103;1474007;;1;0;1
1094A5;1;15-elo-11;1;1474103;1474007;;1;0;1
1094A7;1;15-elo-11;1;1471117;1471003;;1;;0
1095;1;15-tammi-07;1;1472101;1472018;;1;;1
1095;2;15-tammi-07;1;1473118;1473017;;1;;1
1096;1;07-kesŠ-99;1;1541161;1531101;;1;0;1
1096;2;07-kesŠ-99;1;1541162;1531114;;1;0;1
1098A;1;07-touko-10;1;1541161;1531101;;1;0;1
1098A;2;07-touko-10;1;1541162;1531114;;1;;1
1099M;1;01-tammi-12;1;1453104;1453204;;1;0;1
1099M;2;01-tammi-12;1;1453114;1453214;;1;0;1
1099V;1;01-tammi-12;1;1453102;1453202;;1;0;1
1099V;2;01-tammi-12;1;1453114;1453214;;1;0;1
1291J;1;06-marras-12;1;1453136;1453007;;1;;1
1291J;2;06-marras-12;1;1453136;1453007;;1;;1
1292J;1;18-kesŠ-12;1;1473180;1472102;;1;0;1
1292J;2;18-kesŠ-12;1;1471160;1471008;;1;0;1
1506;1;15-elo-16;1;1230103;1230004;;1;0;1
1506;2;15-elo-16;1;1250106;1240108;;1;0;1
1577;1;16-kesŠ-13;1;1381103;1381105;;1;0;1
1577;2;16-kesŠ-13;1;1401133;1401001;;1;0;0
1603;1;10-elo-15;1;1284108;1284001;;1;0;1
1603;2;10-elo-15;1;1284150;1250120;;1;0;1
1802;1;01-tammi-14;1;1432116;1432023;;1;0;1
1802;2;01-tammi-14;1;1431107;1431111;;1;0;1
1802K;1;01-tammi-14;1;1432162;1432024;;1;0;0
1802K;2;01-tammi-14;1;1431107;1431111;;2;0;1
1805;1;15-elo-16;1;1473109;1473209;;2;0;1
1805;2;15-elo-16;1;1473113;1473010;;2;0;1
1811;1;01-tammi-14;1;1471110;1471160;;1;1;1
1811;2;01-tammi-14;1;1471117;1471003;;1;0;0
1811B;1;10-elo-15;1;1471160;1471008;;1;0;1
1811B;2;10-elo-15;1;1473180;1472102;;1;0;1
1811K;1;10-elo-15;1;1473180;1472102;;1;0;1
1812;1;01-tammi-14;1;1473180;1472102;;1;0;1
1812;2;01-tammi-14;1;1471160;1471008;;1;0;1
1818;1;15-elo-16;1;1548104;1548004;;1;0;1
1818;2;15-elo-16;1;1548104;1548004;;1;0;1
2002;1;28-tammi-13;1;2211292;2211294;;1;0;0
2002;2;28-tammi-13;1;2211292;2211298;;1;0;0
2003;1;12-elo-13;1;2131248;2131001;;1;0;1
2003;2;12-elo-13;1;2311220;2311010;;1;0;1
2004;1;28-tammi-13;1;2211292;2211294;;1;0;0
2004;2;28-tammi-13;1;2211292;2211298;;1;0;0
2005;1;12-elo-13;1;2131248;2131001;;1;0;1
2005;2;12-elo-13;1;2311210;2323007;;1;0;1
2010;1;31-touko-09;1;2211213;2211215;;1;;1
2010;2;31-touko-09;1;2232237;2232035;;1;;1
2010K;1;31-touko-09;1;2211213;2211215;;1;;1
2010K;2;31-touko-09;1;2232237;2232035;;1;;1
2012;1;16-elo-10;1;2412234;2412007;;1;;1
2012;2;13-elo-12;1;2413214;2413013;;1;0;1
2012B;1;13-elo-12;1;2412234;2412007;;1;0;1
2012B;2;16-kesŠ-14;1;2412234;2412007;;1;;1
2014;1;16-elo-10;1;2413209;2413002;;1;0;1
2014;2;13-elo-12;1;2412225;2412004;;1;0;1
2014B;1;13-elo-12;1;2413209;2413002;;1;0;1
2014B;2;16-kesŠ-14;1;2413209;2413002;;1;0;1
2015;1;15-syys-10;1;2211212;2211008;;1;0;1
2015;2;15-syys-10;1;3170240;3170037;;1;0;1
2016;1;22-joulu-10;1;2214239;2214245;;1;;1
2016;2;22-joulu-10;1;2323248;2323016;;1;;1
2016A;1;22-joulu-10;1;2214239;2214245;;1;;1
2016B;2;22-joulu-10;1;2323248;2323016;;1;;1
2018;1;15-elo-11;1;3170233;3170016;;1;0;1
2018;2;15-elo-11;1;2611208;2611014;;1;0;1
2019;1;15-elo-11;1;2323240;2323009;;1;;1
2019;2;15-elo-11;1;2611208;2611014;;1;;1
2020;1;01-kesŠ-08;1;2133217;2133014;;1;0;1
2020;2;01-kesŠ-08;1;2133216;2133214;;1;0;1
2021;1;01-kesŠ-08;1;2632271;2632004;;1;0;1
2021;2;01-kesŠ-08;1;2721208;2721004;;1;0;1
2021K;1;01-kesŠ-08;1;2632271;2632004;;1;;1
2021T;1;01-kesŠ-08;1;2632271;2632004;;1;;1
2021V;1;01-kesŠ-08;1;2632271;2632004;;1;;1
2021V;2;01-kesŠ-08;1;2721208;2721004;;1;;1
2023;1;15-elo-11;1;2111232;2112004;;1;0;1
2023;2;15-elo-11;1;2111227;2112019;;1;0;1
2023B;1;15-elo-11;1;2111232;2112004;;1;0;1
2023B;2;15-elo-11;1;2111227;2112019;;1;0;1
2023N;1;15-elo-11;1;2111232;2112004;;1;0;1
2023N;2;15-elo-11;1;2111227;2112019;;1;0;1
2024T;1;16-elo-10;1;2133217;2133014;;1;;1
2024T;2;16-elo-10;1;2133216;2133214;;1;0;1
2025A;2;07-kesŠ-10;1;2141205;2142006;;1;0;1
2026;1;01-kesŠ-08;1;2133217;2133014;;1;0;1
2026;2;01-kesŠ-08;1;2133216;2133214;;1;0;1
2027;1;15-elo-11;1;2133217;2133014;;1;;1
2027;2;15-elo-11;1;2632246;2152005;;1;;1
2027N;1;01-kesŠ-08;1;2133217;2133014;;1;;1
2027N;2;01-kesŠ-08;1;2632246;2152005;;1;;1
2027V;1;12-elo-13;1;2632259;2632002;;1;0;1
2027V;2;15-elo-11;1;2632246;2152005;;1;;1
2028;1;01-kesŠ-08;1;2631203;2631281;;1;0;1
2028;2;01-kesŠ-08;1;2643220;2643218;;1;0;1
2028B;1;01-kesŠ-08;1;2631203;2631281;;1;0;1
2028B;2;01-kesŠ-08;1;2643241;2643281;;1;0;1
2028K;1;01-kesŠ-08;1;2631203;2631281;;1;0;1
2028K;2;01-kesŠ-08;1;2643220;2643218;;1;0;1
2028KB;1;01-kesŠ-08;1;2631203;2631281;;1;0;1
2028KB;2;01-kesŠ-08;1;2641212;2645202;;1;0;1
2028KT;1;01-kesŠ-08;1;2631203;2631281;;1;0;1
2028KT;2;01-kesŠ-08;1;2641212;2645202;;1;0;1
2028T;1;01-kesŠ-08;1;2631203;2631281;;1;0;1
2028T;2;01-kesŠ-08;1;2643241;2643281;;1;0;1
2029;1;01-kesŠ-08;1;2632271;2632004;;1;;1
2029;2;01-kesŠ-08;1;2714298;2714012;;1;;1
2029T;1;01-kesŠ-08;1;2632271;2632004;;1;;1
2029T;2;01-kesŠ-08;1;2714298;2714012;;1;;1
2031;1;15-elo-11;1;2311210;2323007;;1;0;1
2031;2;15-elo-11;1;2611208;2611014;;1;0;1
2035;1;15-syys-10;1;3170240;3170037;;1;;1
2035;2;15-syys-10;1;2323247;2323004;;1;;1
2035V;1;15-syys-10;1;3170240;3170037;;1;;1
2035V;2;15-syys-10;1;2323247;2323004;;1;;1
2038;1;10-elo-15;1;1291220;1291030;;1;0;1
2042;1;01-loka-09;1;2411258;2411000;;1;;1
2042;2;01-loka-09;1;2611208;2611014;;1;;1
2043;1;15-syys-10;1;3170240;3170037;;1;0;1
2043;2;15-syys-10;1;2323247;2323004;;1;0;1
2043A;1;15-elo-11;1;2632261;2632004;;1;0;1
2043A;2;18-kesŠ-12;1;2323247;2323004;;1;0;1
2046;1;15-elo-11;1;2412234;2412007;;1;0;1
2046;2;15-elo-11;1;2411259;2411002;;1;0;1
2051;1;15-syys-10;1;3170205;3170257;;1;;1
2051;2;15-syys-10;1;3170239;3170003;;1;;1
2051K;1;15-elo-11;1;3170205;3170257;;1;0;1
2051K;2;15-elo-11;1;3170239;3170003;;1;;1
2052;1;23-marras-10;1;2112261;2112014;;1;;1
2052;2;23-marras-10;1;2112262;2111015;;1;;1
2061;1;15-elo-11;1;2522228;2522225;;1;;1
2061A;1;15-elo-11;1;2522228;2522225;;1;0;1
2061A;2;15-elo-11;1;2511237;2511243;;1;1;1
2061K;2;31-touko-09;1;2522201;2522002;;1;;1
2065;1;17-tammi-11;1;2511235;2511008;;1;;1
2065;2;17-tammi-11;1;2511236;2511003;;1;;1
2065K;1;17-tammi-11;1;2511235;2511008;;1;;1
2065K;2;17-tammi-11;1;2511236;2511003;;1;;1
2070;1;15-elo-11;1;2712000;2711008;;1;0;1
2070;2;15-elo-11;1;2722249;2722001;;1;0;1
2070V;2;10-elo-07;1;2722217;2722004;;1;0;1
2071;1;01-kesŠ-08;1;2723243;2723002;;1;0;1
2071;2;01-kesŠ-08;1;2722248;2722001;;1;0;1
2071B;1;16-elo-09;1;2723238;2723236;;1;0;1
2071BK;2;01-kesŠ-08;1;2723237;2723007;;1;0;1
2082;1;15-elo-11;1;2715229;2715014;;1;;1
2082;2;15-elo-11;1;2721208;2721004;;1;;1
2082B;1;15-elo-11;1;2715229;2715014;;1;;1
2082B;2;15-elo-11;1;2715236;2715016;;1;;1
2082K;1;15-elo-11;1;2715229;2715014;;1;;1
2082K;2;15-elo-11;1;2721208;2721004;;1;;1
2082KB;1;15-elo-11;1;2715229;2715014;;1;;1
2082KB;2;15-elo-11;1;2715236;2715016;;1;;1
2085;1;15-elo-11;1;2642205;2642001;;1;;1
2085;2;15-elo-11;1;2642206;2642009;;1;;1
2085A;1;15-elo-11;1;2642205;2642001;;1;;1
2085A;2;15-elo-11;1;2644232;2644265;;1;0;1
2085K;1;15-elo-11;1;2642205;2642001;;1;;1
2085K;2;15-elo-11;1;2642206;2642009;;1;;1
2085KA;1;15-elo-11;1;2642205;2642001;;1;;1
2086;2;15-elo-11;1;2712207;2712259;;1;;1
2086H;1;15-elo-11;1;2634264;2634063;;1;;1
2086H;2;15-elo-11;1;2712207;2712259;;1;;1
2086HT;1;15-elo-11;1;2634264;2634063;;1;0;1
2087;1;15-elo-11;1;2642205;2642001;;1;0;1
2087;2;15-elo-11;1;2643241;2643281;;1;0;1
2087K;1;15-elo-11;1;2642205;2642001;;1;0;1
2087K;2;15-elo-11;1;2641212;2645202;;1;0;1
2088;1;15-elo-11;1;2642205;2642001;;1;0;1
2088;2;15-elo-11;1;2643220;2643218;;1;0;1
2088K;1;15-elo-11;1;2642205;2642001;;1;0;1
2088K;2;15-elo-11;1;2643220;2643218;;1;0;1
2088KB;1;13-elo-12;1;2642205;2642001;;1;0;1
2088KB;2;13-elo-12;1;2641212;2645202;;1;0;1
2096H;1;01-tammi-11;1;2133217;2133014;;1;0;1
2096H;2;01-tammi-11;1;2631269;2631001;;1;0;1
2106;1;15-elo-11;1;2215280;2215020;;1;;1
2106;2;15-elo-11;1;2215281;2215026;;1;0;1
2106K;1;15-elo-11;1;2215280;2215020;;1;;1
2106K;2;15-elo-11;1;2215281;2215026;;1;0;1
2106T;1;15-elo-11;1;2215280;2215020;;1;;1
2106T;2;15-elo-11;1;2215281;2215026;;1;0;1
2110;1;01-kesŠ-08;1;2211212;2211008;;1;0;1
2110;2;01-kesŠ-08;1;2131248;2131001;;1;;1
2110A;1;25-helmi-11;1;2211212;2211008;;1;0;1
2110A;2;25-helmi-11;1;2131248;2131001;;1;0;1
2110T;1;01-kesŠ-08;1;2211212;2211008;;1;0;1
2110T;2;01-kesŠ-08;1;2131248;2131001;;1;;1
2110TA;1;25-helmi-11;1;2211212;2211008;;1;0;1
2110TA;2;25-helmi-11;1;2131248;2131001;;1;0;1
2116;1;15-elo-16;1;2211294;2211010;;1;;1
2116;2;15-elo-16;1;2212206;2212025;;1;;1
2117;1;15-elo-16;1;2211294;2211010;;1;0;1
2119;1;15-elo-16;1;2211294;2211010;;1;0;1
2119;2;15-elo-16;1;2214205;2214011;;1;0;1
2137;1;15-elo-16;1;2313215;2311009;;1;0;1
2137;2;15-elo-16;1;2323204;2323010;;1;0;1
2143A;2;12-elo-13;1;2412238;2412236;;1;0;1
2143AT;2;13-elo-12;1;2412238;2412236;;1;0;1
2145;2;12-elo-13;1;2412238;2412236;;1;0;1
2145K;2;12-elo-13;1;2412238;2412236;;1;0;1
2145KN;2;12-elo-13;1;2412237;2412238;;1;0;0
2145N;2;12-elo-13;1;2412237;2412238;;1;0;0
2148;1;15-elo-16;1;2411206;2411002;;1;0;1
2148;2;15-elo-16;1;2441202;2441206;;1;0;1
2149;1;15-elo-16;1;2411255;2411019;;1;0;1
2149;2;15-elo-16;1;2413219;2413221;;1;0;1
2150A;2;01-kesŠ-08;1;2413209;2413002;;1;;1
2150K;2;13-elo-12;1;2413209;2413002;;1;0;1
2165;1;01-kesŠ-08;1;2413208;2413012;;1;;1
2165;2;01-kesŠ-08;1;2413207;2413005;;1;;1
2165N;1;31-touko-09;1;2413208;2413012;;1;;1
2165N;2;31-touko-09;1;2413207;2413005;;1;;1
2168;1;10-elo-15;1;2611270;2611007;;1;0;1
2168;2;10-elo-15;1;2511238;2511220;;1;0;1
2169;1;10-elo-15;1;2611212;2611002;;1;0;1
2169;2;10-elo-15;1;2613209;2613018;;1;0;1
2194;1;28-tammi-13;1;2211292;2211296;;1;0;0
2194;2;28-tammi-13;1;2211292;2211299;;1;0;0
2194A;1;28-tammi-13;1;2211292;2211296;;1;0;0
2194A;2;28-tammi-13;1;2211292;2211299;;1;0;0
2194X;1;12-elo-13;1;2211292;2211296;;1;0;0
2194X;2;12-elo-13;1;2211292;2211299;;1;0;0
2195;1;28-tammi-13;1;2211292;2211296;;1;0;0
2195;2;28-tammi-13;1;2211292;2211299;;1;0;0
2195N;1;28-tammi-13;1;2211292;2211296;;1;0;0
2195N;2;28-tammi-13;1;2211292;2211299;;1;0;0
2203;1;15-elo-16;1;2111232;2112004;;2;;1
2203;2;15-elo-16;1;2131204;2131208;;1;;1
2203N;1;15-elo-16;1;2111232;2112004;;2;;1
2203N;2;15-elo-16;1;2111227;2112019;;1;;1
2206;1;15-kesŠ-15;1;2112203;2112013;;1;0;1
2206;2;15-kesŠ-15;1;2112260;2118024;;1;0;1
2206A;1;15-kesŠ-15;1;2112203;2112013;;1;0;1
2206A;2;15-kesŠ-15;1;2112260;2118024;;1;0;1
2207;1;15-elo-16;1;2111257;2111011;;1;0;1
2207;2;15-elo-16;1;2111250;2111010;;1;0;1
2210N;1;23-marras-10;1;2112262;2111015;;1;;1
2214T;1;15-elo-16;1;2133217;2133014;;1;;1
2214T;2;15-elo-16;1;2133216;2133214;;1;;1
2215A;2;15-elo-16;1;2141205;2142006;;1;;1
2217;1;15-elo-16;1;2111209;2111205;;1;;1
2217;2;15-elo-16;1;2141204;2141005;;1;;1
2218;1;15-elo-16;1;2111209;2111205;;1;0;1
2218;2;15-elo-16;1;2141204;2141005;;1;;1
2219;1;15-elo-16;1;2133217;2133014;;1;;1
2219;2;15-elo-16;1;2133216;2133214;;1;;1
2220N;1;01-helmi-11;1;2112262;2111015;;1;;1
2224;1;15-elo-16;1;3170240;3170037;;1;0;1
2224;2;15-elo-16;1;3170239;3170003;;1;0;1
2226;1;15-elo-16;1;2133217;2133014;;1;;1
2226;2;15-elo-16;1;2133216;2133214;;1;;1
2226A;1;15-elo-16;1;2133217;2133014;;1;;1
2226A;2;15-elo-16;1;2631269;2631001;;1;;1
2227;1;15-elo-16;1;2133217;2133014;;1;;1
2227;2;15-elo-16;1;2632260;2632001;;1;;1
2227N;1;15-elo-16;1;2133217;2133014;;1;;1
2227N;2;15-elo-16;1;2632260;2632001;;1;;1
2227V;1;15-elo-16;1;2632259;2632002;;1;;1
2227V;2;15-elo-16;1;2632260;2632001;;1;;1
2229;1;15-elo-16;1;2111257;2111011;;1;0;1
2229;2;15-elo-16;1;2133232;2133228;;1;0;0
2231;1;26-helmi-08;1;2111205;2111009;;1;;1
2231;2;26-helmi-08;1;2111208;2111005;;1;;1
2231K;1;01-helmi-11;1;2111205;2111009;;1;0;1
2231K;2;01-helmi-11;1;2111208;2111005;;1;0;1
2231N;1;06-kesŠ-11;1;2111205;2111009;;1;;1
2231N;2;06-kesŠ-11;1;4110201;4110008;;1;;1
2232;1;15-elo-16;1;2161204;2161208;;1;;1
2232;2;15-elo-16;1;3170246;3170029;;1;;1
2235;1;15-elo-16;1;2111209;2111205;;1;;1
2235;2;15-elo-16;1;2612225;2612018;;1;;1
2235N;1;15-elo-16;1;2111209;2111205;;1;;1
2235N;2;15-elo-16;1;2632232;2632234;;1;;1
2236;1;15-elo-16;1;2632271;2632004;;1;;1
2236;2;15-elo-16;1;2721208;2721004;;1;;1
2236K;1;15-elo-16;1;2632271;2632004;;1;;1
2236V;1;15-elo-16;1;2632271;2632004;;1;;1
2236V;2;15-elo-16;1;2721208;2721004;;1;;1
2237;1;01-tammi-14;1;1320133;1320024;;1;0;1
2237;2;01-tammi-14;1;1331114;1331000;;1;0;1
2238;1;15-elo-16;1;2631203;2631281;;1;;1
2238;2;15-elo-16;1;2643220;2643218;;1;;1
2238B;1;15-elo-16;1;2631203;2631281;;1;;1
2238B;2;15-elo-16;1;2643241;2643281;;1;;1
2238K;1;15-elo-16;1;2631203;2631281;;1;;1
2238K;2;15-elo-16;1;2643220;2643218;;1;;1
2238KB;1;15-elo-16;1;2631203;2631281;;1;;1
2238KB;2;15-elo-16;1;2641212;2645202;;1;;1
2238KT;1;15-elo-16;1;2631203;2631281;;1;;1
2238KT;2;15-elo-16;1;2641212;2645202;;1;;1
2238T;1;15-elo-16;1;2631203;2631281;;1;;1
2238T;2;15-elo-16;1;2643241;2643281;;1;;1
2239;1;15-elo-16;1;2632271;2632004;;1;;1
2239;2;15-elo-16;1;2711276;2714287;;1;;1
2239T;1;15-elo-16;1;2632271;2632004;;1;;1
2239T;2;15-elo-16;1;2711276;2714287;;1;;1
2242;1;15-elo-16;1;2642205;2642001;;1;;1
2242;2;15-elo-16;1;2643220;2643218;;1;;1
2245;1;15-elo-16;1;2642205;2642001;;1;;1
2245;2;15-elo-16;1;2642206;2642009;;1;;1
2245A;1;15-elo-16;1;2642205;2642001;;1;;1
2245A;2;15-elo-16;1;2644232;2644265;;1;;1
2245K;1;15-elo-16;1;2642205;2642001;;1;;1
2245K;2;15-elo-16;1;2642206;2642009;;1;;1
2245KA;1;15-elo-16;1;2642205;2642001;;1;;1
2246;2;15-elo-16;1;2712207;2712259;;1;;1
2246K;1;15-elo-16;1;2634264;2634063;;1;;1
2246K;2;15-elo-16;1;2712207;2712259;;1;;1
2246KT;1;15-elo-16;1;2634264;2634063;;1;;1
2247;1;18-kesŠ-12;1;2111209;2111205;;1;0;1
2247;2;15-elo-11;1;2111208;2111005;;1;;1
2247A;1;15-elo-11;1;2111209;2111205;;1;;1
2247A;2;15-elo-11;1;2141204;2141005;;1;;1
2248;1;16-elo-09;1;2111209;2111205;;1;;1
2248;2;16-elo-09;1;2111208;2111005;;1;;1
2248A;1;16-elo-09;1;2111209;2111205;;1;;1
2248A;2;16-elo-09;1;2141204;2141005;;1;;1
2270;1;01-kesŠ-08;1;2111209;2111205;;1;;1
2270;2;01-kesŠ-08;1;2111208;2111005;;1;0;1
2270A;1;01-kesŠ-08;1;2111209;2111205;;1;0;1
2270A;2;01-kesŠ-08;1;2612225;2612018;;1;0;1
2270N;1;07-kesŠ-10;1;2111209;2111205;;1;0;1
2270N;2;07-kesŠ-10;1;2612225;2612018;;1;0;1
2315;1;17-kesŠ-13;1;2143217;2143009;;1;0;1
2315;2;17-kesŠ-13;1;2143218;100003;;1;0;1
2315N;1;12-elo-13;1;1291120;1291220;;1;0;1
2315N;2;12-elo-13;1;2713220;2715008;;1;0;1
2321;1;10-elo-15;1;1291120;1291220;;1;0;1
2321;2;10-elo-15;1;2143218;100003;;1;0;1
2321N;1;10-elo-15;1;1291120;1291220;;1;0;1
2321N;2;10-elo-15;1;2713220;2715008;;1;0;1
2324;1;01-heinŠ-12;1;4140205;4140035;;1;0;1
2324;2;01-heinŠ-12;1;4140206;4140204;;1;;1
2324K;1;01-kesŠ-08;1;4140205;4140035;;1;0;
2324K;2;01-heinŠ-12;1;4140206;4140204;;1;0;1
2324N;1;13-elo-12;1;4120295;4120012;;1;0;1
2324N;2;13-elo-12;1;4120294;4120013;;1;0;1
2345;1;01-kesŠ-08;1;4140205;4140035;;1;0;1
2345;2;01-kesŠ-08;1;2721208;2721004;;1;;1
2345N;1;01-kesŠ-08;1;4120295;4120012;;1;0;1
2345N;2;30-touko-04;1;2721208;2721004;;1;0;1
2348;1;15-elo-16;1;2712000;2711008;;1;;1
2348;2;15-elo-16;1;2722249;2722001;;1;;1
2348V;2;15-elo-16;1;2722217;2722004;;1;;1
2349;1;15-elo-16;1;2723243;2723002;;1;;1
2349;2;15-elo-16;1;2722248;2722001;;1;;1
2349B;1;15-elo-16;1;2723238;2723236;;1;;1
2349BK;2;15-elo-16;1;2723237;2723007;;1;;1
2435;1;18-kesŠ-12;1;4170245;4170008;;1;0;1
2435;2;18-kesŠ-12;1;4170215;4170013;;1;0;1
2436;1;10-elo-15;1;4170247;4170008;;2;0;1
2436;2;10-elo-15;1;4170211;4170215;;1;0;1
2436K;1;10-elo-15;1;4170247;4170008;;2;0;1
2436K;2;10-elo-15;1;4170211;4170215;;1;0;1
2436N;1;10-elo-15;1;4150260;4150023;;1;0;1
2436N;2;10-elo-15;1;4150263;4150022;;1;0;1
2501;1;15-elo-11;1;2222205;2222022;;1;;1
2501;2;15-elo-11;1;2232204;310080;;1;0;1
2501V;1;15-elo-11;1;2222205;2222022;;1;0;1
2501V;2;15-elo-11;1;2232204;310080;;1;0;1
2502;1;10-elo-15;1;1140107;1140010;;1;0;1
2502;2;10-elo-15;1;1301122;1150010;;1;0;1
2503;1;16-elo-10;1;1140201;1140010;;1;0;1
2503;2;16-elo-10;1;1140251;1140011;;1;0;1
2505;1;28-tammi-13;1;2211292;2211296;;1;0;0
2505;2;28-tammi-13;1;2211292;2211299;;1;0;0
2512A;1;13-elo-12;1;2112261;2112014;;1;0;1
2512A;2;15-elo-11;1;2112262;2111015;;1;0;1
2512K;1;15-elo-11;1;1382288;1382276;;1;0;1
2512K;2;15-elo-11;1;1370208;1370108;;1;0;1
2533;1;12-elo-13;1;3170240;3170037;;1;0;1
2533;2;12-elo-13;1;2311210;2323007;;1;0;1
2543;1;12-elo-13;1;2131211;2131016;;1;0;1
2543;2;12-elo-13;1;2321221;2321011;;1;0;1
2550;1;23-marras-10;1;1285203;1285002;;1;0;1
2550;2;23-marras-10;1;2112262;2111015;;1;;1
2550B;2;16-elo-10;1;1291227;1293139;;1;0;1
2552;1;12-elo-13;1;1370107;1370207;;1;0;1
2552;2;12-elo-13;1;1301299;1301002;;1;0;1
2554;1;12-elo-13;1;1381101;1382127;;1;0;1
2554;2;12-elo-13;1;1370108;1382027;;1;0;1
2554K;1;12-elo-13;1;1381101;1382127;;1;0;1
2554K;2;12-elo-13;1;1370108;1382027;;1;0;1
2582;1;15-elo-16;1;2632260;2632001;;1;;1
2582;2;15-elo-16;1;2721208;2721004;;1;;1
2582B;1;15-elo-16;1;2632260;2632001;;1;;1
2582B;2;15-elo-16;1;2715236;2715016;;1;;1
2582K;1;15-elo-16;1;2632260;2632001;;1;;1
2582K;2;15-elo-16;1;2721208;2721004;;1;;1
2582KB;1;15-elo-16;1;2632260;2632001;;1;;1
2582KB;2;15-elo-16;1;2715236;2715016;;1;;1
2920P;1;13-elo-12;1;2111240;2111242;;1;0;1
2920P;2;13-elo-12;1;2111220;2111002;;1;0;1
2921P;1;13-elo-12;1;2111240;2111242;;1;0;1
2921P;2;13-elo-12;1;2133206;2133002;;1;0;1
2950P;1;15-kesŠ-15;1;2161204;2161208;;1;0;1
2950P;2;15-kesŠ-15;1;3170246;3170029;;1;0;1
3001I;1;10-heinŠ-15;4;4530551;4520501;;2;;1
3001I4;1;10-elo-15;4;4530551;4520501;;2;0;1
3001I6;1;10-elo-15;4;4530551;4520501;;2;0;1
3001I7;1;10-elo-15;4;4530551;4520501;;2;0;1
3002P;1;10-heinŠ-15;4;4530501;4700501;;2;;1
3002P4;1;10-elo-15;4;4530501;4700501;;2;0;1
3002P6;1;10-elo-15;4;4530501;4700501;;2;0;1
3002Y;1;27-maalis-16;4;6010501;6010506;;2;0;1
3002Y;2;27-maalis-16;4;6010551;6010555;;2;0;1
4001;1;13-elo-12;1;4330223;4330221;;1;0;1
4002;1;13-elo-12;1;4250205;4250207;;1;0;1
4002;2;13-elo-12;1;4250205;4250207;;1;;1
4030;1;14-joulu-09;1;4150263;4150022;;1;;1
4030;2;14-joulu-09;1;4150261;4150023;;1;;1
4035;1;18-kesŠ-12;1;4170245;4170008;;1;0;1
4035;2;18-kesŠ-12;1;4170243;4170244;;1;0;1
4035B;1;13-elo-12;1;4170246;4170245;;1;0;1
4035B;2;13-elo-12;1;4170243;4170244;;1;0;1
4036;1;20-joulu-10;1;4170246;4170245;;1;;1
4036;2;20-joulu-10;1;4170211;4170215;;1;;1
4043;1;15-elo-11;1;4210203;4210027;;1;;1
4043;2;15-elo-11;1;4210204;4180011;;1;;1
4043K;1;15-elo-11;1;4210203;4210027;;1;;1
4043K;2;15-elo-11;1;4210204;4180011;;1;;1
4043T;1;15-elo-11;1;4210203;4210027;;1;;1
4043T;2;15-elo-11;1;4210204;4180011;;1;0;1
4045;1;20-joulu-10;1;4210203;4210027;;1;;1
4045;2;20-joulu-10;1;4210204;4180011;;1;;1
4045K;1;20-joulu-10;1;4210203;4210027;;1;;1
4045K;2;20-joulu-10;1;4210204;4180011;;1;;1
4048;1;13-elo-12;1;4250205;4250207;;1;0;1
4048;2;13-elo-12;1;4250205;4250207;;1;0;1
4048A;1;13-elo-12;1;4250205;4250207;;1;0;1
4048A;2;13-elo-12;1;4250205;4250207;;1;0;1
4050;1;18-kesŠ-12;1;4140244;4140035;;1;0;0
4050;2;18-kesŠ-12;1;4120295;4120012;;1;0;1
4051;1;20-joulu-10;1;4400234;4400004;;1;0;1
4051;2;20-joulu-10;1;4150262;4150022;;1;;1
4051K;1;20-joulu-10;1;4400234;4400004;;1;0;1
4051K;2;20-joulu-10;1;4150262;4150022;;1;;1
4052;1;15-elo-11;1;4650204;4650001;;1;0;1
4052;2;15-elo-11;1;4650203;4650007;;1;0;1
4053;1;15-elo-11;1;4610203;4610012;;1;;1
4053;2;15-elo-11;1;4610202;4610012;;1;0;1
4054;1;13-elo-12;1;4630223;4630222;;1;0;1
4054;2;13-elo-12;1;4410208;4410010;;1;0;1
4055;1;08-marras-10;1;4400232;4400002;;1;0;1
4055;2;08-marras-10;1;4150205;4150023;;1;0;1
4056;1;18-kesŠ-12;1;4940215;4940213;;1;0;1
4056;2;18-kesŠ-12;1;4410208;4410010;;1;0;1
4056K;1;18-kesŠ-12;1;4940215;4940213;;1;0;1
4056K;2;18-kesŠ-12;1;4410208;4410010;;1;0;1
4057;1;13-elo-12;1;4400232;4400002;;1;0;1
4057;2;13-elo-12;1;4400233;4400207;;1;0;1
4060;1;08-marras-10;1;4610201;4610012;;1;;1
4060;2;08-marras-10;1;4610202;4610012;;1;;1
4061;2;20-joulu-13;1;4510226;4510008;;1;0;1
4062;1;12-elo-13;1;1414145;1414147;;1;0;1
4062;2;12-elo-13;1;4940214;4940007;;1;0;1
4062K;1;12-elo-13;1;4930221;4930011;;1;0;1
4062K;2;12-elo-13;1;4940214;4940007;;1;0;1
4068;1;08-marras-10;1;4610201;4610012;;1;;1
4068;2;08-marras-10;1;4610235;4610012;;1;;1
4068A;1;08-marras-10;1;4610201;4610012;;1;;1
4068A;2;08-marras-10;1;4610235;4610012;;1;;1
4070;1;08-marras-10;1;4810239;4810022;;1;;1
4070;2;08-marras-10;1;4810202;4810229;;1;;1
4071;1;06-kesŠ-11;1;4810228;4810001;;1;;1
4071;2;06-kesŠ-11;1;4810202;4810229;;1;0;1
4071A;1;06-kesŠ-11;1;4810228;4810001;;1;;1
4071A;2;06-kesŠ-11;1;4810202;4810229;;1;0;1
4071K;1;06-kesŠ-11;1;4810228;4810001;;1;;1
4072;1;16-elo-09;1;4810203;4810228;;1;;1
4072;2;16-elo-09;1;4810202;4810229;;1;;1
4072N;1;16-elo-09;1;4810203;4810228;;1;0;1
4072N;2;16-elo-09;1;4810202;4810229;;1;0;1
4073;1;13-elo-12;1;4860234;4860232;;1;0;1
4073;2;13-elo-12;1;4750207;4750205;;1;0;1
4073A;1;24-helmi-14;1;4610202;4610012;;2;0;1
4073A;2;24-helmi-14;1;4970223;4750002;;1;0;0
4077;1;27-loka-08;1;4700210;4700003;;1;;1
4077;2;27-loka-08;1;4700209;4700002;;1;;1
4087;1;27-loka-08;1;4810239;4810022;;1;0;1
4087;2;27-loka-08;1;4810240;4810021;;1;;1
4087K;1;27-loka-08;1;4810239;4810022;;1;0;1
4087K;2;27-loka-08;1;4810240;4810021;;1;;1
4099;1;31-elo-10;1;4610235;4610012;;1;;1
4099;2;31-elo-10;1;4660210;4660001;;1;;1
4311;1;10-elo-15;1;4150263;4150022;;1;0;1
4311A;1;01-tammi-16;1;4690205;4510250;;1;0;1
4311A;2;01-tammi-16;1;4150265;4150022;;2;0;1
4322;1;10-elo-15;1;1291120;1291220;;1;0;1
4322;2;10-elo-15;1;4120294;4120013;;1;0;1
4332;1;10-elo-15;1;1291120;1291220;;1;0;1
4332;2;10-elo-15;1;4130214;4130212;;1;0;1
4335;1;10-elo-15;1;4150261;4150023;;2;0;1
4335;2;10-elo-15;1;4170243;4170244;;1;0;1
4335B;1;10-elo-15;1;4170247;4170008;;1;0;1
4335B;2;10-elo-15;1;4170243;4170244;;1;0;1
4360;1;12-elo-13;1;1291220;1291030;;1;0;1
4360;2;17-kesŠ-13;1;4130214;4130212;;1;0;1
4360K;1;17-kesŠ-13;1;4120295;4120012;;1;0;1
4360K;2;28-elo-05;1;4140244;4140035;;1;;
4361;1;12-elo-13;1;1291120;1291220;;1;0;1
4361;2;12-elo-13;1;4140206;4140204;;1;0;1
4362;1;12-elo-13;1;1291120;1291220;;1;0;1
4362;2;17-kesŠ-13;1;4130214;4130212;;1;0;1
4362N;1;12-elo-13;1;1291120;1291220;;1;0;1
4362N;2;17-kesŠ-13;1;4130214;4130212;;1;0;1
4363;1;13-elo-12;1;4120295;4120012;;1;0;1
4363;2;13-elo-12;1;4120294;4120013;;1;0;1
4363A;1;13-elo-12;1;4120295;4120012;;1;0;1
4363A;2;13-elo-01;1;4120294;4120013;;1;0;1
4364;1;12-elo-13;1;1291120;1291220;;1;0;1
4364;2;12-elo-13;1;4140206;4140204;;1;0;1
4400N;1;16-elo-10;1;4150205;4150023;;1;;1
4411;2;10-elo-15;1;1334144;1334127;;1;0;1
4415;1;15-elo-11;1;4210201;4210003;;1;0;1
4415;2;15-elo-11;1;4210204;4180011;;1;0;1
4415N;1;10-elo-15;1;4150260;4150023;;1;0;1
4415N;2;10-elo-15;1;4400232;4400002;;1;0;1
4421;2;10-elo-15;1;1334144;1334127;;1;0;1
4431;1;10-elo-15;1;4210203;4210027;;1;0;1
4431;2;10-elo-15;1;1334144;1334127;;1;0;1
4431N;1;10-elo-15;1;4150260;4150023;;1;0;1
4431N;2;10-elo-15;1;4170211;4170215;;1;0;1
4432;1;10-elo-15;1;4250205;4250207;;1;0;1
4432;2;10-elo-15;1;4250205;4250207;;1;0;1
4433;1;10-elo-15;1;4240203;4240001;;1;0;1
4433;2;10-elo-15;1;4240204;4240227;;1;0;1
4433K;1;10-elo-15;1;4250205;4250207;;1;0;1
4433K;2;10-elo-15;1;4240204;4240227;;1;0;1
4444;1;10-elo-15;1;4330214;4330216;;1;0;1
4444;2;10-elo-15;1;4330216;4330002;;1;0;1
4444T;1;10-elo-15;1;4330214;4330216;;1;0;1
4444T;2;10-elo-15;1;4330216;4330002;;1;0;1
4445;1;10-elo-15;1;4330214;4330216;;1;0;1
4445;2;10-elo-15;1;4330216;4330002;;1;0;1
4445T;1;10-elo-15;1;4330214;4330216;;1;0;1
4445T;2;10-elo-15;1;4330216;4330002;;1;0;1
4451;1;15-elo-11;1;4400233;4400207;;1;0;1
4451;2;15-elo-11;1;4400232;4400002;;1;0;1
4452;2;13-elo-12;1;1334144;1334127;;1;0;1
4452K;2;13-elo-12;1;1334144;1334127;;1;0;1
4453;2;13-elo-12;1;1334144;1334127;;1;0;1
4453Z;2;13-elo-12;1;1334144;1334127;;1;0;1
4474;1;01-joulu-10;1;4210203;4210027;;1;;1
4474;2;01-joulu-10;1;4210204;4180011;;1;0;1
4474A;1;01-joulu-10;1;4210203;4210027;;1;0;1
4474A;2;01-joulu-10;1;4210204;4180011;;1;0;1
4474AK;1;15-elo-11;1;4210201;4210003;;1;0;
4474AK;2;15-elo-11;1;4210204;4180011;;1;0;1
4474K;1;15-elo-11;1;4210203;4210027;;1;0;1
4474K;2;15-elo-11;1;4210204;4180011;;1;0;1
4474V;1;15-elo-04;1;4210203;4210027;;1;;1
4474V;2;15-elo-04;1;4210204;4180011;;1;0;1
4474VK;1;15-elo-11;1;4210203;4210027;;1;0;1
4474VK;2;15-elo-11;1;4210204;4180011;;1;0;1
4499;2;17-kesŠ-13;1;4150204;4150288;;1;0;1
4518;1;12-elo-13;1;1362141;1362019;;1;0;1
4518;2;12-elo-13;1;4940214;4940007;;1;0;1
4519;1;15-elo-11;1;1381201;1381101;;1;0;1
4519;2;15-elo-11;1;1381202;1381102;;1;0;1
4519A;1;12-marras-10;1;1453202;1453144;;1;0;1
4519A;2;12-marras-10;1;1381202;1381102;;1;0;1
4520;1;06-kesŠ-11;1;1381201;1381101;;1;0;1
4520;2;06-kesŠ-11;1;1381202;1381102;;1;0;1
4560;1;10-elo-15;1;1531115;1531121;;2;0;1
4560;2;10-elo-15;1;1381102;1381104;;1;0;1
4561;1;10-elo-15;1;1381101;1382127;;1;0;1
4561;2;10-elo-15;1;1381102;1381104;;1;0;1
4562;1;06-kesŠ-11;1;1473221;1473223;;1;;1
4562;2;06-kesŠ-11;1;1473118;1473017;;1;0;1
4562K;1;06-kesŠ-11;1;1473221;1473223;;1;;1
4562K;2;06-kesŠ-11;1;1473118;1473017;;1;0;1
4562N;1;02-syys-15;1;4610245;4610013;;2;0;1
4562N;2;02-syys-15;1;4610249;4610013;;2;0;1
4571;1;10-elo-15;1;4400234;4400004;;1;0;1
4571;2;10-elo-15;1;4150265;4150022;;2;0;1
4572;1;10-elo-15;1;4940215;4940213;;1;0;1
4572;2;10-elo-15;1;4410208;4410010;;1;0;1
4572K;1;10-elo-15;1;4940215;4940213;;1;0;1
4572K;2;10-elo-15;1;4410208;4410010;;1;0;1
4574;1;10-elo-15;1;4700229;4700006;;1;0;1
4574;2;10-elo-15;1;4410208;4410010;;1;0;1
4575;1;10-elo-15;1;4520237;4520045;;1;0;1
4575;2;10-elo-15;1;4410223;4410225;;1;0;1
4576;1;10-elo-15;1;4520265;4520269;;1;0;1
4576;2;10-elo-15;1;4520236;4520268;;1;0;1
4577;1;15-elo-11;1;1381103;1381105;;1;0;1
4577;2;15-elo-11;1;1401132;1401107;;1;0;1
4587;1;10-elo-15;1;4930221;4930011;;2;0;1
4587;2;10-elo-15;1;4810240;4810021;;2;0;1
4611;1;15-elo-11;1;4610215;4610014;;1;;1
4611;2;15-elo-11;1;4610214;4610004;;1;;1
4611B;1;10-elo-15;1;1401114;1403214;;1;0;1
4611B;2;10-elo-15;1;1401132;1401107;;1;0;1
4611N;1;08-marras-10;1;4610215;4610014;;1;;1
4611N;2;08-marras-10;1;4610214;4610004;;1;;1
4611Z;1;15-elo-11;1;4610215;4610014;;1;;1
4611Z;2;15-elo-11;1;4610214;4610004;;1;;1
4612;1;13-elo-12;1;4510246;4510008;;1;0;1
4612;2;13-elo-12;1;4510234;4520032;;1;0;1
4612K;1;13-elo-12;1;4510246;4510008;;1;0;1
4612K;2;13-elo-12;1;4510234;4520032;;1;0;1
4615;2;18-kesŠ-12;1;4530251;4530027;;1;0;1
4616;1;09-syys-15;1;4510216;4510255;;1;0;1
4616;2;09-syys-15;1;4510201;4510002;;1;0;1
4617;2;16-marras-15;1;4530251;4530027;;1;0;1
4620;2;18-kesŠ-12;1;4530251;4530027;;1;0;1
4621;1;10-elo-15;1;4510246;4510008;;1;0;1
4621;2;10-elo-15;1;4510234;4520032;;1;0;1
4623;1;12-elo-13;1;4650207;4650003;;1;0;1
4623;2;12-elo-13;1;4650208;4650007;;1;0;1
4623Z;1;12-elo-13;1;4650207;4650003;;1;0;1
4623Z;2;12-elo-13;1;4650208;4650007;;1;0;1
4624;1;10-elo-15;1;4700209;4700002;;1;0;1
4624;2;10-elo-15;1;4700210;4700003;;1;0;1
4631;1;10-elo-15;1;4700209;4700002;;1;0;1
4631;2;10-elo-15;1;4810202;4810229;;2;0;1
4700N;1;15-elo-11;1;4610202;4610012;;1;0;1
4710N;1;15-elo-11;1;4810239;4810022;;1;0;1
4711;1;10-elo-15;1;4940215;4940213;;1;0;1
4711;2;10-elo-15;1;4940292;4940010;;1;0;1
4711K;1;10-elo-15;1;4940215;4940213;;1;0;1
4711K;2;10-elo-15;1;4940292;4940010;;1;0;1
4717;1;10-elo-15;1;4940292;4940010;;1;;1
4717;2;10-elo-15;1;4940214;4940007;;1;0;1
4717A;1;10-elo-15;1;4940292;4940010;;1;0;1
4717A;2;10-elo-15;1;1414148;1414146;;1;0;1
4717N;1;10-elo-15;1;4940292;4940010;;1;;1
4717N;2;10-elo-15;1;4940214;4940007;;1;0;1
4719K;1;10-elo-15;1;4900203;4900004;;1;0;1
4719K;2;10-elo-15;1;4900203;4900004;;1;0;1
4724N;1;10-elo-15;1;4610251;4610013;;1;0;1
4724N;2;10-elo-15;1;4700210;4700003;;1;0;1
4730;1;15-elo-11;1;4810239;4810022;;1;0;1
4730;2;15-elo-11;1;4810240;4810021;;1;0;1
4730P;1;15-elo-11;1;4810239;4810022;;1;0;
4730P;2;15-elo-11;1;4810240;4810021;;1;;
4731;1;15-elo-11;1;4810203;4810228;;1;;1
4731;2;15-elo-11;1;4810202;4810229;;1;;1
4731N;1;15-elo-11;1;4810203;4810228;;1;;1
4731N;2;15-elo-11;1;4810202;4810229;;1;;1
4732;1;12-elo-13;1;1362141;1362019;;1;0;1
4734;1;12-elo-13;1;1362141;1362019;;1;0;1
4734N;1;12-elo-13;1;1362141;1362019;;1;0;1
4735;1;10-elo-15;1;4700210;4700003;;2;0;1
4735;2;10-elo-15;1;4810202;4810229;;2;0;1
4736;1;10-elo-15;1;4700209;4700002;;1;0;1
4736;2;10-elo-15;1;4810239;4810022;;1;0;1
4736A;1;10-elo-15;1;4700209;4700002;;1;0;1
4736A;2;10-elo-15;1;4810239;4810022;;1;0;1
4739;1;10-elo-15;1;4810239;4810022;;2;0;1
4739;2;10-elo-15;1;4810240;4810021;;2;0;1
4740;1;12-elo-13;1;1362141;1362019;;1;0;1
4740A;2;12-elo-13;1;4940229;4940008;;1;0;1
4741;1;12-elo-13;1;1362141;1362019;;1;0;1
4741;2;12-elo-13;1;4940214;4940007;;1;0;1
4741K;1;12-elo-13;1;1362141;1362019;;1;0;1
4741K;2;12-elo-13;1;4940214;4940007;;1;0;1
4741N;1;12-elo-13;1;1362141;1362019;;1;0;1
4741N;2;12-elo-13;1;4940214;4940007;;1;0;1
4742;1;12-elo-13;1;1362141;1362019;;1;0;1
4742;2;12-elo-13;1;4970208;4970206;;1;0;1
5510;1;07-helmi-11;1;4150204;4150288;;1;;1
5510;2;07-helmi-11;1;2112262;2111015;;1;;1
5510B;1;01-kesŠ-08;1;4110201;4110008;;1;;1
5510B;2;13-elo-12;1;4110210;4110008;;1;;1
5530;1;17-kesŠ-13;1;4150204;4150288;;1;0;1
5530;2;17-kesŠ-13;1;2143218;100003;;1;0;1
5532;1;15-elo-11;1;4140244;4140035;;1;0;1
5532;2;15-elo-11;1;4140245;4140006;;1;0;1
5532K;1;15-elo-11;1;4140244;4140035;;1;0;1
5532K;2;15-elo-11;1;4140245;4140006;;1;0;1
5535;1;17-kesŠ-13;1;4170242;4170006;;1;0;1
5535;2;17-kesŠ-13;1;2712215;2712003;;1;0;1
5565;1;10-elo-15;1;4150264;4150027;;1;0;1
5565;2;10-elo-15;1;2143218;100003;;1;0;1
5566;1;10-elo-15;1;2712223;2712221;;1;0;1
5566;2;10-elo-15;1;2712215;2712003;;1;0;1
6171A;1;15-kesŠ-15;1;6040295;6040053;;2;0;1
6171A;2;15-kesŠ-15;1;6040291;6040053;;2;0;1
6171K;1;15-kesŠ-15;1;6040295;6040053;;2;0;1
6171K;2;15-kesŠ-15;1;6040291;6040053;;2;0;1
6171V;1;15-kesŠ-15;1;6040295;6040053;;2;0;1
6171V;2;15-kesŠ-15;1;6040291;6040053;;2;0;1
6172;1;15-kesŠ-15;1;6040293;6040053;;2;0;1
6172;2;15-kesŠ-15;1;6040291;6040053;;2;0;1
6172Z;1;15-kesŠ-15;1;6040293;6040053;;2;0;1
6172Z;2;15-kesŠ-15;1;6040296;6040053;;2;0;1
6173;1;15-kesŠ-15;1;6040293;6040053;;2;0;1
6173;2;15-kesŠ-15;1;6040291;6040053;;2;0;1
6173Z;1;15-kesŠ-15;1;6040293;6040053;;2;0;1
6173Z;2;15-kesŠ-15;1;6040296;6040053;;2;0;1
6174Z;1;15-kesŠ-15;1;6040292;6040053;;2;0;1
6174Z;2;15-kesŠ-15;1;6040296;6040053;;2;0;1
6182;1;20-kesŠ-16;1;6040295;6040053;;1;0;1
6243;1;11-elo-14;1;2642205;2642001;;1;0;1
6243;2;11-elo-14;1;6170206;6170005;;1;0;1
6902;1;15-kesŠ-15;1;6040287;6040053;;2;0;1
6902;2;15-kesŠ-15;1;6040295;6040053;;2;0;1
6902K;1;15-kesŠ-15;1;6040287;6040053;;2;0;1
6902K;2;15-kesŠ-15;1;6040295;6040053;;2;0;1
6908;1;15-kesŠ-15;1;6170206;6170005;;1;0;1
6908;2;15-kesŠ-15;1;6170206;6170005;;1;0;1
7190K;1;11-elo-14;1;6040295;6040053;;2;0;1
7190K;2;11-elo-14;1;6040296;6040053;;2;0;1
7835K;1;04-kesŠ-12;1;1420215;1420217;;1;0;0
7941;1;01-heinŠ-14;1;4530240;4530015;;1;0;0
7941;2;01-heinŠ-14;1;4530240;4530229;;1;0;0
7983;1;11-elo-14;1;9222235;9222019;;1;0;1
7983;2;11-elo-14;1;9222234;9222019;;1;0;1
7988;1;11-elo-14;1;9222201;9222019;;2;0;1
7988;2;11-elo-14;1;9400209;9400006;;1;0;1
7989J;2;11-elo-14;1;9400209;9400006;;1;0;1
9005;1;15-elo-11;1;9040202;9040013;;1;0;1
9005;2;15-elo-11;1;9040208;9040013;;1;0;1
9005K;1;11-elo-14;1;9040202;9040013;;2;0;1
9005K;2;11-elo-14;1;9040208;9040013;;2;0;1
9008;1;11-elo-14;1;9040224;9040013;;2;0;1
9008;2;11-elo-14;1;9040208;9040013;;2;0;1
9008L;1;11-elo-14;1;9040224;9040013;;2;0;1
9008L;2;11-elo-14;1;9040208;9040013;;2;0;1
9008T;1;16-kesŠ-14;1;9040224;9040013;;2;0;1
9008T;2;16-kesŠ-14;1;9040208;9040013;;2;0;1
9633;1;15-elo-11;1;4880201;4880002;;1;0;1
9633;2;15-elo-11;1;4880202;4880204;;1;;1
9633A;1;15-elo-11;1;4810201;4810021;;1;0;
9633A;2;15-elo-11;1;9040220;9040013;;1;0;1
9633K;1;15-elo-11;1;4810228;4810001;;1;0;1
9633K;2;15-elo-11;1;4880202;4880204;;1;;1
9633N;1;15-elo-11;1;4810201;4810021;;1;0;
9633N;2;15-elo-11;1;9040220;9040013;;1;0;1
9738;1;15-elo-11;1;9050206;9050014;;1;0;1
9738;2;15-elo-11;1;9040208;9040013;;1;0;1
9738B;1;15-elo-11;1;9040202;9040013;;1;0;1
9738B;2;15-elo-11;1;9040208;9040013;;1;0;1
9738BK;1;18-kesŠ-12;1;9050206;9050014;;1;0;1
9738BK;2;18-kesŠ-12;1;9040208;9040013;;1;0;1
9738K;1;15-elo-11;1;9050206;9050014;;1;0;1
9738K;2;15-elo-11;1;9040208;9040013;;1;0;1
9786;1;11-elo-14;1;9222201;9222019;;2;0;1
9786;2;11-elo-14;1;9222202;9222019;;2;0;1
9786K;1;11-elo-14;1;9222201;9222019;;2;0;1
9786K;2;11-elo-14;1;9222202;9222019;;2;0;1
9787;1;11-elo-14;1;9222201;9222019;;2;0;1
9787;2;11-elo-14;1;9222202;9222019;;2;0;1
9787A;1;11-elo-14;1;9222201;9222019;;2;0;1
9787A;2;11-elo-14;1;9400209;9400006;;1;0;1
9787A3;1;11-elo-14;1;9222201;9222019;;2;0;1
9787A4;2;11-elo-14;1;9400209;9400006;;1;0;1
9787AK;1;11-elo-14;1;9222201;9222019;;2;0;1
9787AK;2;11-elo-14;1;9400209;9400006;;1;0;1
9787K;1;11-elo-14;1;9222201;9222019;;2;0;1
9787K;2;11-elo-14;1;9222202;9222019;;2;0;1
9787K4;2;11-elo-14;1;9222202;9222019;;2;0;1
9787K6;2;11-elo-14;1;9400212;9200001;;1;0;1
9787K8;2;11-elo-14;1;9400209;9400006;;1;;1
9788;1;11-elo-14;1;9222235;9222019;;2;0;1
9788;2;11-elo-14;1;9222202;9222019;;2;0;1
9788K;1;11-elo-14;1;9222235;9222019;;2;0;1
9788K;2;11-elo-14;1;9222202;9222019;;2;0;1
9788K4;2;11-elo-14;1;9222202;9222019;;2;0;1
9788KV;1;10-elo-15;1;9222235;9222019;;2;;1
9973;1;15-elo-11;1;4700210;4700003;;1;0;1
9973;2;15-elo-11;1;9040230;9040220;;1;1;1
9973K;1;15-elo-11;1;4700210;4700003;;1;0;1
9973K;2;15-elo-11;1;9040220;9040013;;1;0;1
9973L;1;15-elo-11;1;4700210;4700003;;1;0;1
9973L;2;15-elo-11;1;9040230;9040220;;1;1;1
9984;1;11-elo-14;1;9222227;9222009;;1;0;1
9984;2;11-elo-14;1;9222228;9222008;;1;0;1
9984K;1;11-elo-14;1;9222227;9222009;;1;0;1
9984K;2;11-elo-14;1;9222228;9222008;;1;0;1
9986;2;11-elo-14;1;9227203;9227202;;1;0;1
9986 1;2;11-elo-14;1;9227203;9227202;;1;0;1
9987;1;11-elo-14;1;9400208;9400005;;1;0;1
9987;2;11-elo-14;1;9400209;9400006;;1;0;1
9987 1;1;11-elo-14;1;9400208;9400005;;1;0;1
9987 1;2;11-elo-14;1;9400209;9400006;;1;0;1
9989B;1;11-elo-14;1;9400208;9400005;;1;0;1
9989J;2;10-elo-15;1;9400209;9400006;;1;;1
9991;1;11-elo-14;1;9208240;9208236;;2;0;1
9991;2;11-elo-14;1;9208225;9208240;;2;0;1
9991 3;1;11-elo-14;1;9208240;9208236;;2;0;1